[
    {
      "id": "c1",
      "name": "C42GM",
      "description": "",
      "categorySlug": "lpwan-modules",
      "img": "/assets/images/modules/c-series/C42GM.png",
      "tempTags": ["LTE-M1", "NB1", "NB2"],
      "modules": [
        {
          "title": "Cellular Bands Supported",
          "info": [
            {
              "name": "Global",
              "value": "B1 / B2 / B3 / B4 / B5 / B6 / B8 / B9 / B10 / B12 / B13 / B14 / B15 / B16 / B17 / B18 / B19 / B20 / B24 / B25 / B26 / B27 / B28 / B65 /B66 / B68 / B71 / B90 / B105"
            }
          ]
        },
        {
          "title": "Cellular Connectivity Download & Uplink Speed",
          "info": [
            {
              "name": "LTE-M1",
              "value": "1119Kbps (UL), 588Kbps (DL)"
            },
            {
              "name": "NB1",
              "value": "60Kbps (UL), 20Kbps (DL)"
            },
            {
              "name": "NB2",
              "value": "158.5Kbps (UL), 127Kbps (DL)"
            }
          ]
        },
        {
          "title": "Interfaces",
          "info": [
            {
              "name": "",
              "value": "8xGPIO, 1xI2C, 2xADC, 1xUSIM, 1xSPI, 3xUART, 1xANT, 1xGNSS_ANT, 1xSDIO, 1xCAN Bus, 1xPCM"
            }
          ]
        },
        {
          "title": "Supported Location Services",
          "info": [
            {
              "name": "",
              "value": "GPS / GLONASS / BeiDou / Galileo <br> QZSS / SBAS Ranging Support"
            }
          ]
        },
        {
          "title": "Packaging",
          "info": [
            {
              "name": "Dimension",
              "value": "26.5 x 22.5 x 2.3 mm, LGA Package"
            }
          ]
        },
        {
          "title": "Baseband Processor",
          "info": [
            {
              "name": "",
              "value": "GCT GDM 7243i"
            }
          ]
        }
      ]
    },
    {
      "id": "c2",
      "name": "C16QS",
      "description": "",
      "categorySlug": "wideband-modules",
      "img": "/assets/images/modules/c-series/C16QS.png",
      "tempTags": ["LTE Cat 1.bis"],
      "modules": [
        {
          "title": "Cellular Bands Supported",
          "info": [
            {
              "name": "EMEA / APAC",
              "value": "B1/ B3/ B5/ B8/ B20"
            },
            {
              "name": "NA",
              "value": "B2 /B4 /B5 /B12/ B13 /B66"
            },
            {
              "name": "GLOBAL",
              "value": "B1 / B2 / B3 / B5 / B7 / B8 / B12 / B18 / B19 / B20 / B25 / B26 / B28 / B39 / B40 / B41"
            }
          ]
        },
        {
          "title": "Cellular Connectivity Download & Uplink Speed",
          "info": [
            {
              "name": "LTE Cat 1.bis",
              "value": "10Mbps (DL), 5Mbps (UL)"
            }
          ]
        },
        {
          "title": "Interfaces",
          "info": [
            {
              "name": "",
              "value": "3xUART, 1xUSB2.0, 1xUSIM, 1xSWD, 2xADC, 1xI2S, 1xI2C, 1xSPI, 4xGPIO, 1xMain ANT, 1xGNSS ANT"
            }
          ]
        },
        {
          "title": "Supported Location Services",
          "info": [
            {
              "name": "",
              "value": "GPS / GLONASS / BeiDou / Galileo / NavIC* <br> QZSS /  SBAS Ranging Support"
            }
          ]
        },
        {
          "title": "Packaging",
          "info": [
            {
              "name": "Dimension",
              "value": "26.5 x 22.5 x 2.3 mm, LGA Package"
            }
          ]
        },
        {
          "title": "Baseband Processor",
          "info": [
            {
              "name": "",
              "value": "QCX216"
            }
          ]
        }
      ]
    },
    {
      "id": "c3",
      "name": "C10QM",
      "description": "",
      "categorySlug": "wideband-modules",
      "img": "/assets/images/modules/c-series/C10QM.png",
      "tempTags": ["LTE Cat 1", "LTE Cat 4", "2G"],
      "modules": [
        {
          "title": "Cellular Bands Supported",
          "info": [
            {
              "name": "EMEA / APAC ",
              "value": "LTE - B1 / B3 / B5 / B8 / B20 / B40 | GSM - 900/1800 MHz"
            },
            {
              "name": "NA",
              "value": "LTE - B2 / B4 / B5 / B12 / B13 / B25 / B26 / B66 | GSM - 900/1800 MHz"
            }
          ]
        },
        {
          "title": "Cellular Connectivity Download & Uplink Speed",
          "info": [
            {
              "name": "LTE Cat 4",
              "value": "150 Mbps (DL), 50 Mbps (UL)"
            },
            {
              "name": "LTE Cat 1",
              "value": "10 Mbps (DL), 5 Mbps (UL)"
            },
            {
              "name": "2G",
              "value": "236.8 Kbps (DL), 236.8 Kbps (UL)"
            }
          ]
        },
        {
          "title": "Interfaces",
          "info": [
            {
              "name": "",
              "value": "9xGPIO*, 1xUSB HS , 3xUART, 1xSDH , 2xADC**, 1xPCM*, 1xUSIM, 1xI2C*, 1xSPI*, 1xSDC, 1xSGMII, 1xJTAG, 1xLCD**, 1xMAIN_ANT, 1xGNSS_ANT, 1xDIV_ANT*"
            }
          ]
        },
        {
          "title": "Supported Location Services",
          "info": [
            {
              "name": "",
              "value": "GPS / GLONASS / BeiDou / Galileo <br> QZSS Capable"
            }
          ]
        },
        {
          "title": "Packaging",
          "info": [
            {
              "name": "Dimension",
              "value": "37 x 21.8 x 2.8 mm, LGA Package"
            }
          ]
        },
        {
          "title": "Baseband Processor",
          "info": [
            {
              "name": "",
              "value": "MDM9207"
            }
          ]
        }
      ]
    },
    {
      "id": "c4",
      "name": "C10GS",
      "description": "",
      "categorySlug": "wideband-modules",
      "img": "/assets/images/modules/c-series/C10GS.png",
      "tempTags": ["Cat 1", "Cat 4"],
      "modules": [
        {
          "title": "Cellular Bands Supported",
          "info": [
            {
              "name": "Global",
              "value": "B1 / B2 / B3 / B4 / B5 / B6 / B8 / B10 / B18 / B19 / B20 / B25 / B26 / B40 / B66"
            }
          ]
        },
        {
          "title": "Cellular Connectivity Download & Uplink Speed",
          "info": [
            {
              "name": "LTE Cat 4",
              "value": "150 Mbps (DL), 50 Mbps (UL)"
            },
            {
              "name": "LTE Cat 1",
              "value": "10 Mbps (DL), 5 Mbps (UL)"
            }
          ]
        },
        {
          "title": "Interfaces",
          "info": [
            {
              "name": "",
              "value": "4xUART ,1xUSB 2.0 ,1xUSIM ,1xI2C ,1xSPI ,13xGPIO ,1xPCM ,1xSDIO ,1xRGMII ,1xJTAG ,1xANT ,1xGNSS_ANT"
            }
          ]
        },
        {
          "title": "Supported Location Services",
          "info": [
            {
              "name": "",
              "value": "GPS / GLONASS / BeiDou / Galileo <br> QZSS / SBAS Ranging Support"
            }
          ]
        },
        {
          "title": "Packaging",
          "info": [
            {
              "name": "Dimension",
              "value": "37 x 21.8 x 2.8 mm, LGA Package"
            }
          ]
        },
        {
          "title": "Baseband Processor",
          "info": [
            {
              "name": "",
              "value": "GDM7243S"
            }
          ]
        }
      ]
    },
    {
      "id": "c5",
      "name": "C120GS",
      "description": "",
      "categorySlug": "wideband-modules",
      "img": "/assets/images/modules/c-series/C120GS.png",
      "tempTags": ["LTE Cat 6"],
      "modules": [
        {
          "title": "Cellular Bands Supported",
          "info": [
            {
              "name": "EMEA",
              "value": "B3 / B7 / B28B"
            }
          ]
        },
        {
          "title": "Cellular Connectivity Download & Uplink Speed",
          "info": [
            {
              "name": "LTE Cat 6",
              "value": "300Mbps (DL), 50Mbps (UL)"
            }
          ]
        },
        {
          "title": "Interfaces",
          "info": [
            {
              "name": "",
              "value": "1xI2C, 1xUSIM, 1xSPI, 3xUART, 4xANTCTL, 1xUSB 2.0, 1xUSB 3.0, 1xPCM"
            }
          ]
        },
        {
          "title": "Supported Location Services",
          "info": [
            {
              "name": "",
              "value": "Not Applicable"
            }
          ]
        },
        {
          "title": "Packaging",
          "info": [
            {
              "name": "Dimension",
              "value": "42 x 30 x 2.6 mm, M.2(Key-B) Package"
            }
          ]
        },
        {
          "title": "Baseband Processor",
          "info": [
            {
              "name": "",
              "value": "GDM7243Q"
            }
          ]
        }
      ]
    },
    {
      "id": "c6",
      "name": "C41QS",
      "description": "",
      "categorySlug": "iot-modules",
      "img": "/assets/images/modules/c-series/C41QS.png",
      "tempTags": ["NB2"],
      "modules": [
        {
          "title": "Cellular Bands Supported",
          "info": [
            {
              "name": "Global",
              "value": "B1 / B2 / B3 / B4 / B5 / B8 / B12 / B13 / B14 / B17 / B18 / B19 / B20 / B25 / B26 / B28 / B66 / B70 / B85"
            }
          ]
        },
        {
          "title": "Cellular Connectivity Download & Uplink Speed",
          "info": [
            {
              "name": "LTE Cat NB2",
              "value": "Peak DL 127 Kbps & UL 158.5Kbps"
            }
          ]
        },
        {
          "title": "Interfaces",
          "info": [
            {
              "name": "",
              "value": "4xUART, 1xuSIM, 1xSWD, 1xI2C , 1xSPI , 2xGPIO , 1xMAIN_ANT, 1xGNSS_ANT "
            }
          ]
        },
        {
          "title": "Supported Location Services",
          "info": [
            {
              "name": "",
              "value": "GPS / BeiDou <br> SBAS + QZSS Capable"
            }
          ]
        },
        {
          "title": "Packaging",
          "info": [
            {
              "name": "Dimension",
              "value": "17.7 x 15.8 x 2.0 mm, LGA Package"
            }
          ]
        },
        {
          "title": "Baseband Processor",
          "info": [
            {
              "name": "",
              "value": "Qualcomm QCX212"
            }
          ]
        }
      ]
    },
    {
      "id": "c7",
      "name": "C20QM",
      "description": "",
      "categorySlug": "wideband-modules",
      "img": "/assets/images/modules/c-series/C20QM.png",
      "tempTags": ["LTE Cat 4", "2G"],
      "modules": [
        {
          "title": "Cellular Bands Supported",
          "info": [
            {
              "name": "EMEA / APAC ",
              "value": "LTE - B1 / B3 / B5 / B8 / B20 / B40 | GSM - 900/1800 MHz"
            },
            {
              "name": "NA",
              "value": "LTE - B2 / B4 / B5 / B12 / B13 / B25 / B26 / B66 | GSM - 900 / 1800 MHz"
            }
          ]
        },
        {
          "title": "Cellular Connectivity Download & Uplink Speed",
          "info": [
            {
              "name": "LTE Cat 4",
              "value": "150 Mbps (DL), 50 Mbps (UL)"
            },
            {
              "name": "2G ",
              "value": "236.8 Kbps (DL), 236.8 Kbps (UL)"
            }
          ]
        },
        {
          "title": "Interfaces",
          "info": [
            {
              "name": "",
              "value": "9xGPIO , 1xUSB HS , 3xUART , 1xSDH , 2xADC , 1xPCM , 1xUSIM, 1xI2C , 1xSPI , 1xSDC, 1xSGMII, 1xJTAG, 1xLCD , 1xMAIN_ANT, 1xGNSS_ANT, 1xDIV_ANT "
            }
          ]
        },
        {
          "title": "Supported Location Services",
          "info": [
            {
              "name": "",
              "value": "GPS / GLONASS / BeiDou / Galileo <br> QZSS Capable"
            }
          ]
        },
        {
          "title": "Packaging",
          "info": [
            {
              "name": "Dimension",
              "value": "37 x 21.8 x 2.8 mm, LGA Package"
            }
          ]
        },
        {
          "title": "Baseband Processor",
          "info": [
            {
              "name": "",
              "value": "Qualcomm MDM9207"
            }
          ]
        }
      ]
    }
  ]